scenario,n_cells,mean_SMCI_A,mean_SMCI_B,mean_Delta_SMCI,share_improved,headway_min,kappa_vs_baseline
optimistic_10min,462.0,0.04166010780456702,0.09138090978512525,0.049720801980558234,0.538961038961039,10.0,1.0
baseline_15min,462.0,0.04166010780456702,0.09138090978512525,0.049720801980558234,0.538961038961039,15.0,1.0
pessimistic_30min,462.0,0.04166010780456702,0.09138090978512525,0.049720801980558234,0.538961038961039,30.0,1.0
